<?xml version="1.0" encoding="utf-8" ?>
<Defs>
  
  <RuleDef>
    <defName>BasePart_Indoors_Leaf</defName>
    <symbol>basePart_indoors_leaf</symbol>
    <resolvers>
	  	        <li Class="SymbolResolver_BasePart_Indoors_Leaf_Barracks">
        <minRectSize>(3, 3)</minRectSize>
        <selectionWeight>1</selectionWeight>
      </li>
	  
      <li Class="SymbolResolver_BasePart_Indoors_Leaf_WorshippedTerminal">
        <minRectSize>(5, 7)</minRectSize>
        <selectionWeight>1.25</selectionWeight>
      </li>
	  
      <li Class="SymbolResolver_BasePart_Indoors_Leaf_Brewery">
        <minRectSize>(4, 4)</minRectSize>
        <selectionWeight>0.5</selectionWeight>
      </li>
	
	      <li Class="SymbolResolver_BasePart_Indoors_Leaf_ThroneRoom" MayRequire="Ludeon.RimWorld.Royalty">
        <minRectSize>(3, 3)</minRectSize>
      </li>
		 
		  <li Class="SymbolResolver_BasePart_Indoors_Leaf_Storage2">
			<minRectSize>(3, 3)</minRectSize>
			<selectionWeight>0.8</selectionWeight>
		  </li>
		  
	  <li Class="SymbolResolver_BasePart_Indoors_Leaf_Storage3">
		<minRectSize>(3, 3)</minRectSize>
		<selectionWeight>0.01</selectionWeight>
	  </li>
		  
		<li Class="SymbolResolver_BasePart_Indoors_Leaf_Storage">
			<minRectSize>(3, 3)</minRectSize>
			<selectionWeight>0.1</selectionWeight>
		  </li>
		 
		  
		  <li Class="SymbolResolver_BasePart_Indoors_Leaf_DiningRoom3">
			<minRectSize>(4, 4)</minRectSize>
			<selectionWeight>0.25</selectionWeight>
		  </li>
		  
		<li Class="SymbolResolver_BasePart_Indoors_Leaf_DiningRoom2">
			<minRectSize>(4, 4)</minRectSize>
			<selectionWeight>0.1</selectionWeight>
		</li>
		
			  <li Class="SymbolResolver_BasePart_Indoors_Leaf_DiningRoom">
			<minRectSize>(5, 5)</minRectSize>
			<selectionWeight>0.01</selectionWeight>
		  </li>
		  
		<li Class="SymbolResolver_BasePart_Indoors_Leaf_BatteryRoom2">
			<minRectSize>(4, 4)</minRectSize>
			<selectionWeight>1.15</selectionWeight>
			</li>
			
		<li Class="SymbolResolver_BasePart_Indoors_Leaf_PrisonCell2">
			<minRectSize>(4, 4)</minRectSize>
			<selectionWeight>0.2</selectionWeight>
			</li>
			
		<li Class="SymbolResolver_BasePart_Indoors_Leaf_PrisonCell3">
			<minRectSize>(4, 4)</minRectSize>
			<selectionWeight>0.4</selectionWeight>
			</li>
			
		<li Class="SymbolResolver_BasePart_Indoors_Leaf_PrisonCell4">
			<minRectSize>(7, 7)</minRectSize>
			<selectionWeight>0.01</selectionWeight>
			</li>
			
		<li Class="SymbolResolver_BasePart_Indoors_Leaf_Hospital">
        <minRectSize>(5, 5)</minRectSize>
        <selectionWeight>0.5</selectionWeight>
      </li>
	  
	  
    </resolvers>
  </RuleDef>
  
  
  </Defs>