<?xml version="1.0" encoding="utf-8" ?>
<Defs>
   
  <RuleDef>
    <defName>Settlement2</defName>
    <symbol>settlement2</symbol>
    <resolvers>
      <li Class="LargeFactionBase.SymbolResolver_Settlement2">
        <minRectSize>(2, 2)</minRectSize>
      </li>
    </resolvers>
  </RuleDef>

  <RuleDef>
    <defName>EmptyRoom2</defName>
    <symbol>emptyRoom2</symbol>
    <resolvers>
      <li Class="SymbolResolver_EmptyRoom2">
        <minRectSize>(2, 2)</minRectSize>
      </li>
    </resolvers>
  </RuleDef>
  
  <RuleDef>
    <defName>ExtWalls</defName>
    <symbol>extWalls</symbol>
    <resolvers>
      <li Class="LargeFactionBase.SymbolResolver_ExtWalls">
        <minRectSize>(2, 2)</minRectSize>
      </li>
    </resolvers>
  </RuleDef>
  
    <RuleDef>
    <defName>ExtWalls2</defName>
    <symbol>extWalls2</symbol>
    <resolvers>
      <li Class="LargeFactionBase.SymbolResolver_ExtWalls2">
        <minRectSize>(2, 2)</minRectSize>
      </li>
    </resolvers>
  </RuleDef>
  
  <RuleDef>
    <defName>EdgeDefense2</defName>
    <symbol>edgeDefense2</symbol>
    <resolvers>
      <li Class="LargeFactionBase.SymbolResolver_EdgeDefense2">
        <minRectSize>(2, 2)</minRectSize>
      </li>
    </resolvers>
  </RuleDef>
   
  <RuleDef>
    <defName>Stockpile2</defName>
    <symbol>stockpile2</symbol>
    <resolvers>
      <li Class="LargeFactionBase.SymbolResolver_Stockpile2" />
    </resolvers>
  </RuleDef>
  
    <RuleDef>
    <defName>Stockpile3</defName>
    <symbol>stockpile3</symbol>
    <resolvers>
      <li Class="LargeFactionBase.SymbolResolver_Stockpile3" />
    </resolvers>
  </RuleDef>
	
    <RuleDef>
    <defName>Interior_Storage2</defName>
    <symbol>interior_storage2</symbol>
    <resolvers>
      <li Class="LargeFactionBase.SymbolResolver_Interior_Storage2" />
    </resolvers>
  </RuleDef>
  
      <RuleDef>
    <defName>Interior_Storage3</defName>
    <symbol>interior_storage3</symbol>
    <resolvers>
      <li Class="LargeFactionBase.SymbolResolver_Interior_Storage3" />
    </resolvers>
  </RuleDef>
  
  <RuleDef>
    <defName>EdgeShields2</defName>
    <symbol>edgeShields2</symbol>
    <resolvers>
      <li Class="LargeFactionBase.SymbolResolver_EdgeShields2">
        <minRectSize>(2, 2)</minRectSize>
      </li>
    </resolvers>
  </RuleDef>


  <RuleDef>
    <defName>ThingSet2</defName>
    <symbol>thingSet2</symbol>
    <resolvers>
      <li Class="LargeFactionBase.SymbolResolver_ThingSet2" />
    </resolvers>
  </RuleDef>
  
    <RuleDef>
    <defName>EdgeWalls2</defName>
    <symbol>edgeWalls2</symbol>
    <resolvers>
      <li Class="LargeFactionBase.SymbolResolver_EdgeWalls2">
        <minRectSize>(2, 2)</minRectSize>
      </li>
    </resolvers>
  </RuleDef>
  
      <RuleDef>
    <defName>EdgeWalls3</defName>
    <symbol>edgeWalls3</symbol>
    <resolvers>
      <li Class="LargeFactionBase.SymbolResolver_EdgeWalls3">
        <minRectSize>(2, 2)</minRectSize>
      </li>
    </resolvers>
  </RuleDef>
  
      <RuleDef>
    <defName>EdgeSpikes</defName>
    <symbol>edgeSpikes</symbol>
    <resolvers>
      <li Class="LargeFactionBase.SymbolResolver_EdgeSpikes">
        <minRectSize>(2, 2)</minRectSize>
      </li>
    </resolvers>
  </RuleDef>
  
       <RuleDef>
    <defName>EdgeSpikes2</defName>
    <symbol>edgeSpikes2</symbol>
    <resolvers>
      <li Class="LargeFactionBase.SymbolResolver_EdgeSpikes2">
        <minRectSize>(2, 2)</minRectSize>
      </li>
    </resolvers>
  </RuleDef>
  
        <RuleDef>
    <defName>EdgeIED</defName>
    <symbol>edgeIED</symbol>
    <resolvers>
      <li Class="LargeFactionBase.SymbolResolver_EdgeIED">
        <minRectSize>(2, 2)</minRectSize>
      </li>
    </resolvers>
  </RuleDef>
  
          <RuleDef>
    <defName>EdgeGrain</defName>
    <symbol>edgeGrain</symbol>
    <resolvers>
      <li Class="LargeFactionBase.SymbolResolver_EdgeGrain">
        <minRectSize>(2, 2)</minRectSize>
      </li>
    </resolvers>
  </RuleDef>

  <RuleDef>
    <defName>Interior_BatteryRoom2</defName>
    <symbol>interior_batteryRoom2</symbol>
    <resolvers>
      <li Class="SymbolResolver_Interior_BatteryRoom2">
        <minRectSize>(2, 2)</minRectSize>
      </li>
    </resolvers>
  </RuleDef>
  
    <RuleDef>
    <defName>Interior_PrisonCell2</defName>
    <symbol>interior_prisonCell2</symbol>
    <resolvers>
      <li Class="SymbolResolver_Interior_PrisonCell2">
      </li>
    </resolvers>
  </RuleDef>
  
      <RuleDef>
    <defName>Interior_PrisonCell3</defName>
    <symbol>interior_prisonCell3</symbol>
    <resolvers>
      <li Class="SymbolResolver_Interior_PrisonCell3">
      </li>
    </resolvers>
  </RuleDef>
  
        <RuleDef>
    <defName>Interior_PrisonCell4</defName>
    <symbol>interior_prisonCell4</symbol>
    <resolvers>
      <li Class="SymbolResolver_Interior_PrisonCell4">
      </li>
    </resolvers>
  </RuleDef>
  
    <RuleDef>
    <defName>ChargeBatteries2</defName>
    <symbol>chargeBatteries2</symbol>
    <resolvers>
      <li Class="SymbolResolver_ChargeBatteries2" />
    </resolvers>
  </RuleDef>
  
    <RuleDef>
    <defName>Corpse</defName>
    <symbol>corpse</symbol>
    <resolvers>
      <li Class="SymbolResolver_Corpse" />
    </resolvers>
  </RuleDef>
   
       <RuleDef>
    <defName>Corpse2</defName>
    <symbol>corpse2</symbol>
    <resolvers>
      <li Class="SymbolResolver_Corpse2" />
    </resolvers>
  </RuleDef>
  
         <RuleDef>
    <defName>Corpse3</defName>
    <symbol>corpse3</symbol>
    <resolvers>
      <li Class="SymbolResolver_Corpse3" />
    </resolvers>
  </RuleDef>
    <RuleDef>
    <defName>BatteryRoom2</defName>
    <symbol>batteryRoom2</symbol>
    <resolvers>
      <li Class="SymbolResolver_GenericRoom">
        <minRectSize>(4, 4)</minRectSize>
        <interior>interior_batteryRoom2</interior>
      </li>
    </resolvers>
  </RuleDef>
  
    <RuleDef>
    <defName>Interior_DiningRoom2</defName>
    <symbol>interior_diningRoom2</symbol>
    <resolvers>
      <li Class="SymbolResolver_Interior_DiningRoom2">
        <minRectSize>(3, 3)</minRectSize>
      </li>
    </resolvers>
  </RuleDef>
  
      <RuleDef>
    <defName>Interior_DiningRoom3</defName>
    <symbol>interior_diningRoom3</symbol>
    <resolvers>
      <li Class="SymbolResolver_Interior_DiningRoom3">
        <minRectSize>(3, 3)</minRectSize>
      </li>
    </resolvers>
  </RuleDef>
  
    <RuleDef>
    <defName>Interior_Hospital</defName>
    <symbol>interior_hospital</symbol>
    <resolvers>
      <li Class="SymbolResolver_Interior_Hospital" />
    </resolvers>
  </RuleDef>

  
    <RuleDef>
    <defName>PlaceHumanLeatherArmchair</defName>
    <symbol>placeHumanLeatherArmchair</symbol>
    <resolvers>
      <li Class="SymbolResolver_PlaceHumanLeatherArmchair" />
    </resolvers>
  </RuleDef>
  
    <RuleDef>
    <defName>PrisonCell2</defName>
    <symbol>prisonCell2</symbol>
    <resolvers>
      <li Class="SymbolResolver_GenericRoom">
        <minRectSize>(3, 3)</minRectSize>
        <interior>interior_prisonCell2</interior>
      </li>
    </resolvers>
  </RuleDef>
  
      <RuleDef>
    <defName>PrisonCell3</defName>
    <symbol>prisonCell3</symbol>
    <resolvers>
      <li Class="SymbolResolver_GenericRoom">
        <minRectSize>(3, 3)</minRectSize>
        <interior>interior_prisonCell3</interior>
      </li>
    </resolvers>
  </RuleDef>
  
        <RuleDef>
    <defName>PrisonCell4</defName>
    <symbol>prisonCell4</symbol>
    <resolvers>
      <li Class="SymbolResolver_GenericRoom">
        <minRectSize>(7, 7)</minRectSize>
        <interior>interior_prisonCell4</interior>
      </li>
    </resolvers>
  </RuleDef>
  
        <RuleDef>
    <defName>Hospital</defName>
    <symbol>hospital</symbol>
    <resolvers>
      <li Class="SymbolResolver_GenericRoom">
        <minRectSize>(4, 4)</minRectSize>
        <interior>interior_hospital</interior>
      </li>
    </resolvers>
  </RuleDef>
  
    <RuleDef>
    <defName>DiningRoom2</defName>
    <symbol>diningRoom2</symbol>
    <resolvers>
      <li Class="SymbolResolver_GenericRoom">
        <minRectSize>(5, 5)</minRectSize>
        <interior>interior_diningRoom2</interior>
      </li>
    </resolvers>
  </RuleDef>
  
      <RuleDef>
    <defName>DiningRoom3</defName>
    <symbol>diningRoom3</symbol>
    <resolvers>
      <li Class="SymbolResolver_GenericRoom">
        <minRectSize>(5, 5)</minRectSize>
        <interior>interior_diningRoom3</interior>
      </li>
    </resolvers>
  </RuleDef>
  
      <RuleDef>
    <defName>RandomlyPlaceWakeUpOnTables</defName>
    <symbol>randomlyPlaceWakeUpOnTables</symbol>
    <resolvers>
      <li Class="SymbolResolver_RandomlyPlaceWakeUpOnTables" />
    </resolvers>
  </RuleDef>
  
    <RuleDef>
    <defName>RandomlyPlaceDrugOnTables</defName>
    <symbol>randomlyPlaceDrugOnTables</symbol>
    <resolvers>
      <li Class="SymbolResolver_RandomlyPlaceDrugOnTables" />
    </resolvers>
  </RuleDef>
  
      <RuleDef>
    <defName>RandomlyPlacePemmicanOnTables</defName>
    <symbol>randomlyPlacePemmicanOnTables</symbol>
    <resolvers>
      <li Class="SymbolResolver_RandomlyPlacePemmicanOnTables" />
    </resolvers>
  </RuleDef>
  
      <RuleDef>
    <defName>RandomlyPlaceJointOnTables</defName>
    <symbol>randomlyPlaceJointOnTables</symbol>
    <resolvers>
      <li Class="SymbolResolver_RandomlyPlaceJointOnTables" />
    </resolvers>
  </RuleDef>
    
	      <RuleDef>
    <defName>RandomlyPlaceMealFineOnTables</defName>
    <symbol>randomlyPlaceMealFineOnTables</symbol>
    <resolvers>
      <li Class="SymbolResolver_RandomlyPlaceMealFineOnTables" />
    </resolvers>
  </RuleDef>
  
  	      <RuleDef>
    <defName>RandomlyPlaceMealLavishOnTables</defName>
    <symbol>randomlyPlaceMealLavishOnTables</symbol>
    <resolvers>
      <li Class="SymbolResolver_RandomlyPlaceMealLavishOnTables" />
    </resolvers>
  </RuleDef>
  
    	      <RuleDef>
    <defName>RandomlyPlaceHumanMeat</defName>
    <symbol>randomlyPlaceHumanMeat</symbol>
    <resolvers>
      <li Class="SymbolResolver_RandomlyPlaceHumanMeat" />
    </resolvers>
  </RuleDef>
  
    <RuleDef>
    <defName>MedicalPrisonerBed</defName>
    <symbol>medicalPrisonerBed</symbol>
    <resolvers>
      <li Class="SymbolResolver_MedicalPrisonerBed" />
    </resolvers>
  </RuleDef>
  
      <RuleDef>
    <defName>MedicalBed</defName>
    <symbol>medicalBed</symbol>
    <resolvers>
      <li Class="SymbolResolver_MedicalBed" />
    </resolvers>
  </RuleDef>
 
   <RuleDef>
    <defName>SpeBed</defName>
    <symbol>speBed</symbol>
    <resolvers>
      <li Class="SymbolResolver_SpeBed" />
    </resolvers>
  </RuleDef>
  
     <RuleDef>
    <defName>MedBed</defName>
    <symbol>medBed</symbol>
    <resolvers>
      <li Class="SymbolResolver_MedBed" />
    </resolvers>
  </RuleDef>
  
       <RuleDef>
    <defName>SleepSpot</defName>
    <symbol>sleepSpot</symbol>
    <resolvers>
      <li Class="SymbolResolver_SleepSpot" />
    </resolvers>
  </RuleDef>
  
         <RuleDef>
    <defName>PrisonerSpot</defName>
    <symbol>prisonerSpot</symbol>
    <resolvers>
      <li Class="SymbolResolver_PrisonerSpot" />
    </resolvers>
  </RuleDef>
  
       <RuleDef>
    <defName>MiniT</defName>
    <symbol>miniT</symbol>
    <resolvers>
      <li Class="SymbolResolver_MiniT" />
    </resolvers>
  </RuleDef>

       <RuleDef>
    <defName>MiniF</defName>
    <symbol>miniF</symbol>
    <resolvers>
      <li Class="SymbolResolver_MiniF" />
    </resolvers>
  </RuleDef>
  
         <RuleDef>
    <defName>MiniR</defName>
    <symbol>miniR</symbol>
    <resolvers>
      <li Class="SymbolResolver_MiniR" />
    </resolvers>
  </RuleDef>
  
         <RuleDef>
    <defName>PrisonDefense</defName>
    <symbol>prisonDefense</symbol>
    <resolvers>
      <li Class="SymbolResolver_PrisonDefense" />
    </resolvers>
  </RuleDef>
  
           <RuleDef>
    <defName>PrisonFilth</defName>
    <symbol>prisonFilth</symbol>
    <resolvers>
      <li Class="SymbolResolver_PrisonFilth" />
    </resolvers>
  </RuleDef>
  
             <RuleDef>
    <defName>PrisonBile</defName>
    <symbol>prisonBile</symbol>
    <resolvers>
      <li Class="SymbolResolver_PrisonBile" />
    </resolvers>
  </RuleDef>
  
  
    <RuleDef>
    <defName>FillWithMedBeds</defName>
    <symbol>fillWithMedBeds</symbol>
    <resolvers>
      <li Class="SymbolResolver_FillWithMedBeds" />
    </resolvers>
  </RuleDef>
  
  	    <RuleDef>
    <defName>Storage2</defName>
    <symbol>storage2</symbol>
    <resolvers>
      <li Class="SymbolResolver_GenericRoom">
        <minRectSize>(3, 3)</minRectSize>
        <interior>interior_storage2</interior>
      </li>
    </resolvers>
  </RuleDef>
  
    	    <RuleDef>
    <defName>Storage3</defName>
    <symbol>storage3</symbol>
    <resolvers>
      <li Class="SymbolResolver_GenericRoom">
        <minRectSize>(3, 3)</minRectSize>
        <interior>interior_storage3</interior>
      </li>
    </resolvers>
  </RuleDef>
  
</Defs>