﻿<?xml version="1.0" encoding="utf-8" ?>
<Defs>

  <PawnKindDef>
    <defName>Soldier</defName>
    <label>soldier</label>
    <race>Human</race>
    <combatPower>100</combatPower>
    <baseRecruitDifficulty>0.30</baseRecruitDifficulty>
    <backstoryCategories>
      <li>Civil</li>
    </backstoryCategories>
    <defaultFactionType>AncientsHostile</defaultFactionType>
    <backstoryCryptosleepCommonality>1</backstoryCryptosleepCommonality>
    <chemicalAddictionChance>0.08</chemicalAddictionChance>
    <apparelMoney>
      <min>1900</min>
      <max>4200</max>
    </apparelMoney>
    <apparelTags>
      <li>IndustrialBasic</li>
      <li>IndustrialAdvanced</li>
      <li>IndustrialMilitaryBasic</li>
      <li>IndustrialMilitaryAdvanced</li>
      <li>SpacerMilitary</li>
      <li>BeltDefensePop</li>
    </apparelTags>
    <apparelIgnoreSeasons>true</apparelIgnoreSeasons>
    <apparelAllowHeadgearChance>0.75</apparelAllowHeadgearChance>
    <weaponMoney>
      <min>500</min>
      <max>3000</max>
    </weaponMoney>
    <weaponTags>
      <li>Gun</li>
    </weaponTags>
    <techHediffsMoney>
      <min>2000</min>
      <max>6000</max>
    </techHediffsMoney>
    <techHediffsTags>
      <li>Advanced</li>
      <li>AdvancedWeapon</li>
    </techHediffsTags>
    <techHediffsChance>0.80</techHediffsChance>
    <combatEnhancingDrugsChance>0.5</combatEnhancingDrugsChance>
    <combatEnhancingDrugsCount>
      <min>1</min>
      <max>3</max>
    </combatEnhancingDrugsCount>
  </PawnKindDef>

</Defs>
