<?xml version="1.0" encoding="utf-8" ?>
<Patch>

<Operation Class="PatchOperationFindMod">
    <mods>
        <li>Royalty</li>
    </mods>
    <match Class="PatchOperationAdd">
        <xpath>/Defs/ThingSetMakerDef[defName="MapGen_DefaultStockpile3"]/root[@Class="ThingSetMaker_RandomOption"]/options</xpath>
        <value> 

			<li>
					    <weight>0.15</weight>
			<thingSetMaker Class="ThingSetMaker_Conditional_MakingFaction">
            <makingFaction MayRequire="Ludeon.RimWorld.Royalty">Empire</makingFaction>
            <requireNonNull>true</requireNonNull>

			  <thingSetMaker Class="ThingSetMaker_Count">
				<fixedParams>
				  <filter>
						<thingDefs>
							<li>Apparel_ArmorCataphract</li> 
							<li>Apparel_ArmorHelmetCataphract</li> 
							<li>Apparel_PsyfocusHelmet</li>
							<li>Apparel_PsyfocusShirt</li>
							<li>Apparel_PsyfocusVest</li>	
							<li>Apparel_PsyfocusRobe</li>	
							<li>MeleeWeapon_PsyfocusStaff</li>
						</thingDefs>
				  </filter>
				  <countRange>1~3</countRange>
				</fixedParams>
			  </thingSetMaker>
			  			  </thingSetMaker>
			</li>
			
			<li>
					    <weight>0.15</weight>
			<thingSetMaker Class="ThingSetMaker_Conditional_MakingFaction">
            <makingFaction MayRequire="Ludeon.RimWorld.Royalty">Empire</makingFaction>
            <requireNonNull>true</requireNonNull>

			  <thingSetMaker Class="ThingSetMaker_Count">
				<fixedParams>
				  <filter>
						<thingDefs>
							<li>Apparel_ArmorReconPrestige</li> 
							<li>Apparel_ArmorMarinePrestige</li> 
							<li>Apparel_ArmorMarineHelmetPrestige</li>
							<li>Apparel_ArmorCataphractPrestige</li>
							<li>Apparel_ArmorHelmetCataphractPrestige</li>	
							<li>Apparel_ArmorLocust</li>	
							<li>Apparel_ArmorMarineGrenadier</li>
							<li>Apparel_ArmorCataphractPhoenix</li>
							<li>Apparel_Gunlink</li>
						</thingDefs>
				  </filter>
				  <countRange>1~3</countRange>
				</fixedParams>
			  </thingSetMaker>
			  			  </thingSetMaker>
			</li>
			
			<li>
					    <weight>0.15</weight>
			<thingSetMaker Class="ThingSetMaker_Conditional_MakingFaction">
            <makingFaction MayRequire="Ludeon.RimWorld.Royalty">Empire</makingFaction>
            <requireNonNull>true</requireNonNull>

			  <thingSetMaker Class="ThingSetMaker_Count">
				<fixedParams>
				  <filter>
						<thingDefs>
							<li>Apparel_PackJump</li> 
							<li>Apparel_PackBroadshield</li> 
							<li>Apparel_ArmorMarineHelmetPrestige</li>
							<li>Apparel_ArmorCataphractPrestige</li>
							<li>Apparel_ArmorHelmetCataphractPrestige</li>	
							<li>Apparel_ArmorLocust</li>	
							<li>Apparel_ArmorMarineGrenadier</li>
							<li>Apparel_ArmorCataphractPhoenix</li>
							<li>Apparel_Gunlink</li>
						</thingDefs>
				  </filter>
				  <countRange>1~3</countRange>
				</fixedParams>
			  </thingSetMaker>
			  			  </thingSetMaker>
			</li>

		</value>
		</match>
	
	</Operation>
	
</Patch>